filename,filesize_kb,gbl_fileSize_s,sequoia,public_link
AguaFriaRiver_EnvironmentalObservations_2008.zip,6.62,0.01 MB,http://sequoia.library.arizona.edu/geospatial/public/single_layer_datasets/AguaFriaRiver_EnvironmentalObservations_2008.zip,https://data.cyverse.org/dav-anon/iplant/commons/community_released//ual/public/Arizona_NEMO/River_Monitoring/Agua_Fria_River/Environmental_Observations/2008/AguaFriaRiver_EnvironmentalObservations_2008.zip
AguaFriaRiver_EnvironmentalObservations_2009.zip,6.3,0.01 MB,http://sequoia.library.arizona.edu/geospatial/public/single_layer_datasets/AguaFriaRiver_EnvironmentalObservations_2009.zip,https://data.cyverse.org/dav-anon/iplant/commons/community_released//ual/public/Arizona_NEMO/River_Monitoring/Agua_Fria_River/Environmental_Observations/2009/AguaFriaRiver_EnvironmentalObservations_2009.zip
AguaFriaRiver_EnvironmentalObservations_2010.zip,7.92,0.01 MB,http://sequoia.library.arizona.edu/geospatial/public/single_layer_datasets/AguaFriaRiver_EnvironmentalObservations_2010.zip,https://data.cyverse.org/dav-anon/iplant/commons/community_released//ual/public/Arizona_NEMO/River_Monitoring/Agua_Fria_River/Environmental_Observations/2010/AguaFriaRiver_EnvironmentalObservations_2010.zip
AguaFriaRiver_EnvironmentalObservations_2011.zip,10.14,0.01 MB,http://sequoia.library.arizona.edu/geospatial/public/single_layer_datasets/AguaFriaRiver_EnvironmentalObservations_2011.zip,https://data.cyverse.org/dav-anon/iplant/commons/community_released//ual/public/Arizona_NEMO/River_Monitoring/Agua_Fria_River/Environmental_Observations/2011/AguaFriaRiver_EnvironmentalObservations_2011.zip
AguaFriaRiver_WetDryPoints_2010.zip,13.75,0.01 MB,http://sequoia.library.arizona.edu/geospatial/public/single_layer_datasets/AguaFriaRiver_WetDryPoints_2010.zip,https://data.cyverse.org/dav-anon/iplant/commons/community_released//ual/public/Arizona_NEMO/River_Monitoring/Agua_Fria_River/Wet_Dry_Points/2010/AguaFriaRiver_WetDryPoints_2010.zip
AguaFriaRiver_WetDryPoints_2011.zip,19.17,0.02 MB,http://sequoia.library.arizona.edu/geospatial/public/single_layer_datasets/AguaFriaRiver_WetDryPoints_2011.zip,https://data.cyverse.org/dav-anon/iplant/commons/community_released//ual/public/Arizona_NEMO/River_Monitoring/Agua_Fria_River/Wet_Dry_Points/2011/AguaFriaRiver_WetDryPoints_2011.zip
AguaFriaRiver_WetDrySegments_2008.zip,29.39,0.03 MB,http://sequoia.library.arizona.edu/geospatial/public/single_layer_datasets/AguaFriaRiver_WetDrySegments_2008.zip,https://data.cyverse.org/dav-anon/iplant/commons/community_released//ual/public/Arizona_NEMO/River_Monitoring/Agua_Fria_River/Wet_Dry_Segments/2008/AguaFriaRiver_WetDrySegments_2008.zip
AguaFriaRiver_WetDrySegments_2009.zip,24.79,0.02 MB,http://sequoia.library.arizona.edu/geospatial/public/single_layer_datasets/AguaFriaRiver_WetDrySegments_2009.zip,https://data.cyverse.org/dav-anon/iplant/commons/community_released//ual/public/Arizona_NEMO/River_Monitoring/Agua_Fria_River/Wet_Dry_Segments/2009/AguaFriaRiver_WetDrySegments_2009.zip
AguaFriaRiver_WetDrySegments_2010.zip,39.75,0.04 MB,http://sequoia.library.arizona.edu/geospatial/public/single_layer_datasets/AguaFriaRiver_WetDrySegments_2010.zip,https://data.cyverse.org/dav-anon/iplant/commons/community_released//ual/public/Arizona_NEMO/River_Monitoring/Agua_Fria_River/Wet_Dry_Segments/2010/AguaFriaRiver_WetDrySegments_2010.zip
AguaFriaRiver_WetDrySegments_2011.zip,50.68,0.05 MB,http://sequoia.library.arizona.edu/geospatial/public/single_layer_datasets/AguaFriaRiver_WetDrySegments_2011.zip,https://data.cyverse.org/dav-anon/iplant/commons/community_released//ual/public/Arizona_NEMO/River_Monitoring/Agua_Fria_River/Wet_Dry_Segments/2011/AguaFriaRiver_WetDrySegments_2011.zip
Arizona_100kScaleTopoDecollared_1970to1995.tif,764554.88,746.64 MB,http://sequoia.library.arizona.edu/geospatial/public/single_layer_datasets/Arizona_100kScaleTopoDecollared_1970to1995.tif,https://ual-geodata-files.s3.us-west-2.amazonaws.com/USGS/Arizona_100kScaleTopoDecollared_1970to1995.tif
Arizona_1st32DegFTempAutumn_1961to1990.zip,50.16,0.05 MB,http://sequoia.library.arizona.edu/geospatial/public/single_layer_datasets/Arizona_1st32DegFTempAutumn_1961to1990.zip,https://data.cyverse.org/dav-anon/iplant/commons/community_released//ual/public/NOAA/Temperature/1990/Arizona_1st32DegFTempAutumn_1961to1990.zip
Arizona_24kScaleTopoDecollared_1970to1995.tif,11288293.18,11023.72 MB,http://sequoia.library.arizona.edu/geospatial/public/single_layer_datasets/Arizona_24kScaleTopoDecollared_1970to1995.tif,https://ual-geodata-files.s3.us-west-2.amazonaws.com/USGS/Arizona_24kScaleTopoDecollared_1970to1995.tif
Arizona_250kScaleTopoDecollared_1970to1995.tif,168527.24,164.58 MB,http://sequoia.library.arizona.edu/geospatial/public/single_layer_datasets/Arizona_250kScaleTopoDecollared_1970to1995.tif,https://ual-geodata-files.s3.us-west-2.amazonaws.com/USGS/Arizona_250kScaleTopoDecollared_1970to1995.tif
Arizona_AggravatedAssault_1990to2001.zip,98.96,0.10 MB,http://sequoia.library.arizona.edu/geospatial/public/single_layer_datasets/Arizona_AggravatedAssault_1990to2001.zip,https://data.cyverse.org/dav-anon/iplant/commons/community_released//ual/public/AZDPS/AggravatedAssault/2001/Arizona_AggravatedAssault_1990to2001.zip
Arizona_AMAs_INAs_2002.zip,210.99,0.21 MB,http://sequoia.library.arizona.edu/geospatial/public/single_layer_datasets/Arizona_AMAs_INAs_2002.zip,https://data.cyverse.org/dav-anon/iplant/commons/community_released//ual/public/AZDWR/ActiveManagementAreas_IrrigationNonExpansionAreas/2002/Arizona_AMAs_INAs_2002.zip
Arizona_AmerIndianReservations_1870.zip,20,0.02 MB,http://sequoia.library.arizona.edu/geospatial/public/single_layer_datasets/Arizona_AmerIndianReservations_1870.zip,https://uair.library.arizona.edu/system/files/atlas/download/AIR_1870_0.zip
Arizona_AmerIndianReservations_1880.zip,36.05,0.04 MB,http://sequoia.library.arizona.edu/geospatial/public/single_layer_datasets/Arizona_AmerIndianReservations_1880.zip,https://uair.library.arizona.edu/system/files/atlas/download/AIR_1880.zip
Arizona_AmerIndianReservations_1890.zip,61.07,0.06 MB,http://sequoia.library.arizona.edu/geospatial/public/single_layer_datasets/Arizona_AmerIndianReservations_1890.zip,https://uair.library.arizona.edu/system/files/atlas/download/AIR_1890.zip
Arizona_AmerIndianReservations_1900.zip,137.66,0.13 MB,http://sequoia.library.arizona.edu/geospatial/public/single_layer_datasets/Arizona_AmerIndianReservations_1900.zip,https://uair.library.arizona.edu/system/files/atlas/download/AIR_1900.zip
Arizona_AmerIndianReservations_1910.zip,145.06,0.14 MB,http://sequoia.library.arizona.edu/geospatial/public/single_layer_datasets/Arizona_AmerIndianReservations_1910.zip,https://uair.library.arizona.edu/system/files/atlas/download/AIR_1910.zip
Arizona_AmerIndianReservations_1920.zip,168.86,0.16 MB,http://sequoia.library.arizona.edu/geospatial/public/single_layer_datasets/Arizona_AmerIndianReservations_1920.zip,https://uair.library.arizona.edu/system/files/atlas/download/AIR_1920.zip
Arizona_AmerIndianReservations_1930.zip,168.79,0.16 MB,http://sequoia.library.arizona.edu/geospatial/public/single_layer_datasets/Arizona_AmerIndianReservations_1930.zip,https://uair.library.arizona.edu/system/files/atlas/download/AIR_1930.zip
Arizona_AmerIndianReservations_1940.zip,172.9,0.17 MB,http://sequoia.library.arizona.edu/geospatial/public/single_layer_datasets/Arizona_AmerIndianReservations_1940.zip,https://uair.library.arizona.edu/system/files/atlas/download/AIR_1940.zip
Arizona_AmerIndianReservations_1950.zip,185.77,0.18 MB,http://sequoia.library.arizona.edu/geospatial/public/single_layer_datasets/Arizona_AmerIndianReservations_1950.zip,https://uair.library.arizona.edu/system/files/atlas/download/AIR_1950.zip
Arizona_AmerIndianReservations_1960.zip,185.68,0.18 MB,http://sequoia.library.arizona.edu/geospatial/public/single_layer_datasets/Arizona_AmerIndianReservations_1960.zip,https://uair.library.arizona.edu/system/files/atlas/download/AIR_1960.zip
Arizona_AmerIndianReservations_1970.zip,182.54,0.18 MB,http://sequoia.library.arizona.edu/geospatial/public/single_layer_datasets/Arizona_AmerIndianReservations_1970.zip,https://uair.library.arizona.edu/system/files/atlas/download/AIR_1970.zip
Arizona_AmerIndianReservations_1980.zip,202.06,0.20 MB,http://sequoia.library.arizona.edu/geospatial/public/single_layer_datasets/Arizona_AmerIndianReservations_1980.zip,https://uair.library.arizona.edu/system/files/atlas/download/AIR_1980.zip
Arizona_AnnDayMeasurablePrecip_1961to1990.zip,38.22,0.04 MB,http://sequoia.library.arizona.edu/geospatial/public/single_layer_datasets/Arizona_AnnDayMeasurablePrecip_1961to1990.zip,https://data.cyverse.org/dav-anon/iplant/commons/community_released//ual/public/NOAA/Precipitation/1990/Arizona_AnnDayMeasurablePrecip_1961to1990.zip
Arizona_AnnMeanDailyMaxTemp_1961to1990.zip,67.32,0.07 MB,http://sequoia.library.arizona.edu/geospatial/public/single_layer_datasets/Arizona_AnnMeanDailyMaxTemp_1961to1990.zip,https://data.cyverse.org/dav-anon/iplant/commons/community_released//ual/public/NOAA/Temperature/1990/Arizona_AnnMeanDailyMaxTemp_1961to1990.zip
Arizona_AnnMeanDailyMinTemp_1961to1990.zip,51.34,0.05 MB,http://sequoia.library.arizona.edu/geospatial/public/single_layer_datasets/Arizona_AnnMeanDailyMinTemp_1961to1990.zip,https://data.cyverse.org/dav-anon/iplant/commons/community_released//ual/public/NOAA/Temperature/1990/Arizona_AnnMeanDailyMinTemp_1961to1990.zip
Arizona_AnnMeanDewPtTemp_1961to1990.zip,41.79,0.04 MB,http://sequoia.library.arizona.edu/geospatial/public/single_layer_datasets/Arizona_AnnMeanDewPtTemp_1961to1990.zip,https://data.cyverse.org/dav-anon/iplant/commons/community_released//ual/public/NOAA/Temperature/1990/Arizona_AnnMeanDewPtTemp_1961to1990.zip
Arizona_AnnMeanLengthFreezeFree_1961to1990.zip,45.35,0.04 MB,http://sequoia.library.arizona.edu/geospatial/public/single_layer_datasets/Arizona_AnnMeanLengthFreezeFree_1961to1990.zip,https://data.cyverse.org/dav-anon/iplant/commons/community_released//ual/public/NOAA/Temperature/1990/Arizona_AnnMeanLengthFreezeFree_1961to1990.zip
Arizona_AnnMeanNumDaysTemp90DegF_1961to1990.zip,68.2,0.07 MB,http://sequoia.library.arizona.edu/geospatial/public/single_layer_datasets/Arizona_AnnMeanNumDaysTemp90DegF_1961to1990.zip,https://data.cyverse.org/dav-anon/iplant/commons/community_released//ual/public/NOAA/Temperature/1990/Arizona_AnnMeanNumDaysTemp90DegF_1961to1990.zip
Arizona_AnnMeanNumDaysTempLess32DegF_1961to1990.zip,60.09,0.06 MB,http://sequoia.library.arizona.edu/geospatial/public/single_layer_datasets/Arizona_AnnMeanNumDaysTempLess32DegF_1961to1990.zip,https://data.cyverse.org/dav-anon/iplant/commons/community_released//ual/public/NOAA/Temperature/1990/Arizona_AnnMeanNumDaysTempLess32DegF_1961to1990.zip
Arizona_AnnMeanTotalHeatingDegreeDays_1961to1990.zip,67.52,0.07 MB,http://sequoia.library.arizona.edu/geospatial/public/single_layer_datasets/Arizona_AnnMeanTotalHeatingDegreeDays_1961to1990.zip,https://data.cyverse.org/dav-anon/iplant/commons/community_released//ual/public/NOAA/Temperature/1990/Arizona_AnnMeanTotalHeatingDegreeDays_1961to1990.zip
Arizona_AnnMedianLengthFreezeFree_1961to1990.zip,45.59,0.04 MB,http://sequoia.library.arizona.edu/geospatial/public/single_layer_datasets/Arizona_AnnMedianLengthFreezeFree_1961to1990.zip,https://data.cyverse.org/dav-anon/iplant/commons/community_released//ual/public/NOAA/Temperature/1990/Arizona_AnnMedianLengthFreezeFree_1961to1990.zip
Arizona_AnnualMeanDailyAvgTemp_1961to1990.zip,54.31,0.05 MB,http://sequoia.library.arizona.edu/geospatial/public/single_layer_datasets/Arizona_AnnualMeanDailyAvgTemp_1961to1990.zip,https://data.cyverse.org/dav-anon/iplant/commons/community_released//ual/public/NOAA/Temperature/1990/Arizona_AnnualMeanDailyAvgTemp_1961to1990.zip
Arizona_AnnualMeanDailyTempRange_1961to1990.zip,142.81,0.14 MB,http://sequoia.library.arizona.edu/geospatial/public/single_layer_datasets/Arizona_AnnualMeanDailyTempRange_1961to1990.zip,https://data.cyverse.org/dav-anon/iplant/commons/community_released//ual/public/NOAA/Temperature/1990/Arizona_AnnualMeanDailyTempRange_1961to1990.zip
Arizona_AnnualMeanMaximumDailySnowfall_1961to1990.zip,84.6,0.08 MB,http://sequoia.library.arizona.edu/geospatial/public/single_layer_datasets/Arizona_AnnualMeanMaximumDailySnowfall_1961to1990.zip,https://data.cyverse.org/dav-anon/iplant/commons/community_released//ual/public/NOAA/Snowfall/1990/Arizona_AnnualMeanMaximumDailySnowfall_1961to1990.zip
Arizona_AnnualMeanRelativeHumidity_1961to1990.zip,34.64,0.03 MB,http://sequoia.library.arizona.edu/geospatial/public/single_layer_datasets/Arizona_AnnualMeanRelativeHumidity_1961to1990.zip,https://data.cyverse.org/dav-anon/iplant/commons/community_released//ual/public/NOAA/Humidity/1990/Arizona_AnnualMeanRelativeHumidity_1961to1990.zip
Arizona_AnnualMeanTotalPrecipitation_1961to1990.zip,52.93,0.05 MB,http://sequoia.library.arizona.edu/geospatial/public/single_layer_datasets/Arizona_AnnualMeanTotalPrecipitation_1961to1990.zip,https://data.cyverse.org/dav-anon/iplant/commons/community_released//ual/public/NOAA/Precipitation/1990/Arizona_AnnualMeanTotalPrecipitation_1961to1990.zip
Arizona_AnnualMeanTotalSnowfall_1961to1990.zip,118.78,0.12 MB,http://sequoia.library.arizona.edu/geospatial/public/single_layer_datasets/Arizona_AnnualMeanTotalSnowfall_1961to1990.zip,https://data.cyverse.org/dav-anon/iplant/commons/community_released//ual/public/NOAA/Snowfall/1990/Arizona_AnnualMeanTotalSnowfall_1961to1990.zip
Arizona_ArsonRates_1990to2001.zip,101.47,0.10 MB,http://sequoia.library.arizona.edu/geospatial/public/single_layer_datasets/Arizona_ArsonRates_1990to2001.zip,https://data.cyverse.org/dav-anon/iplant/commons/community_released//ual/public/AZDPS/ArsonRates/2001/Arizona_ArsonRates_1990to2001.zip
Arizona_AvgAgeDeath_2000.zip,100.98,0.10 MB,http://sequoia.library.arizona.edu/geospatial/public/single_layer_datasets/Arizona_AvgAgeDeath_2000.zip,https://data.cyverse.org/dav-anon/iplant/commons/community_released//ual/public/AZDHS/AverageAgeofDeath/2000/Arizona_AvgAgeDeath_2000.zip
Arizona_AZGSEarthFissures_2015.zip,707.46,0.69 MB,http://sequoia.library.arizona.edu/geospatial/public/single_layer_datasets/Arizona_AZGSEarthFissures_2015.zip,https://data.cyverse.org/dav-anon/iplant/commons/community_released//ual/public/AZGS/Fissures/Arizona/EarthFissures/2015/Arizona_AZGSEarthFissures_2015.zip
Arizona_AZGSEarthFissuresStudyAreas_2015.zip,12.6,0.01 MB,http://sequoia.library.arizona.edu/geospatial/public/single_layer_datasets/Arizona_AZGSEarthFissuresStudyAreas_2015.zip,https://data.cyverse.org/dav-anon/iplant/commons/community_released//ual/public/AZGS/Fissures/Arizona/EarthFissuresStudyAreas/2015/Arizona_AZGSEarthFissuresStudyAreas_2015.zip
Arizona_BioticCommunities_1993.zip,10711.95,10.46 MB,http://sequoia.library.arizona.edu/geospatial/public/single_layer_datasets/Arizona_BioticCommunities_1993.zip,https://data.cyverse.org/dav-anon/iplant/commons/community_released//ual/public/AZSLD/BioticCommunities/1993/Arizona_BioticCommunities_1993.zip
Arizona_CAPAqueduct_2002.zip,24.42,0.02 MB,http://sequoia.library.arizona.edu/geospatial/public/single_layer_datasets/Arizona_CAPAqueduct_2002.zip,https://data.cyverse.org/dav-anon/iplant/commons/community_released//ual/public/AZDWR/CentralArizonaProject/2002/Arizona_CAPAqueduct_2002.zip
Arizona_CausesOfDeath_2000.zip,97.68,0.10 MB,http://sequoia.library.arizona.edu/geospatial/public/single_layer_datasets/Arizona_CausesOfDeath_2000.zip,https://data.cyverse.org/dav-anon/iplant/commons/community_released//ual/public/AZDHS/CausesOfDeath/2000/Arizona_CausesOfDeath_2000.zip
Arizona_CensusPlaces_1870.zip,42.83,0.04 MB,http://sequoia.library.arizona.edu/geospatial/public/single_layer_datasets/Arizona_CensusPlaces_1870.zip,https://data.cyverse.org/dav-anon/iplant/commons/community_released//ual/public/USCB/Geography/Arizona/Places/1870/Arizona_CensusPlaces_1870.zip
Arizona_CensusPlaces_1880.zip,47.41,0.05 MB,http://sequoia.library.arizona.edu/geospatial/public/single_layer_datasets/Arizona_CensusPlaces_1880.zip,https://data.cyverse.org/dav-anon/iplant/commons/community_released//ual/public/USCB/Geography/Arizona/Places/1880/Arizona_CensusPlaces_1880.zip
Arizona_CensusPlaces_1890.zip,46.81,0.05 MB,http://sequoia.library.arizona.edu/geospatial/public/single_layer_datasets/Arizona_CensusPlaces_1890.zip,https://data.cyverse.org/dav-anon/iplant/commons/community_released//ual/public/USCB/Geography/Arizona/Places/1890/Arizona_CensusPlaces_1890.zip
Arizona_CensusPlaces_1900.zip,18.73,0.02 MB,http://sequoia.library.arizona.edu/geospatial/public/single_layer_datasets/Arizona_CensusPlaces_1900.zip,https://data.cyverse.org/dav-anon/iplant/commons/community_released//ual/public/USCB/Geography/Arizona/Places/1900/Arizona_CensusPlaces_1900.zip
Arizona_CensusPlaces_1910.zip,61.37,0.06 MB,http://sequoia.library.arizona.edu/geospatial/public/single_layer_datasets/Arizona_CensusPlaces_1910.zip,https://data.cyverse.org/dav-anon/iplant/commons/community_released//ual/public/USCB/Geography/Arizona/Places/1910/Arizona_CensusPlaces_1910.zip
Arizona_CensusPlaces_1920.zip,30.49,0.03 MB,http://sequoia.library.arizona.edu/geospatial/public/single_layer_datasets/Arizona_CensusPlaces_1920.zip,https://data.cyverse.org/dav-anon/iplant/commons/community_released//ual/public/USCB/Geography/Arizona/Places/1920/Arizona_CensusPlaces_1920.zip
Arizona_CensusPlaces_1930.zip,36.42,0.04 MB,http://sequoia.library.arizona.edu/geospatial/public/single_layer_datasets/Arizona_CensusPlaces_1930.zip,https://data.cyverse.org/dav-anon/iplant/commons/community_released//ual/public/USCB/Geography/Arizona/Places/1930/Arizona_CensusPlaces_1930.zip
Arizona_CensusPlaces_1940.zip,39.47,0.04 MB,http://sequoia.library.arizona.edu/geospatial/public/single_layer_datasets/Arizona_CensusPlaces_1940.zip,https://data.cyverse.org/dav-anon/iplant/commons/community_released//ual/public/USCB/Geography/Arizona/Places/1940/Arizona_CensusPlaces_1940.zip
Arizona_CensusPlaces_1950.zip,70.89,0.07 MB,http://sequoia.library.arizona.edu/geospatial/public/single_layer_datasets/Arizona_CensusPlaces_1950.zip,https://data.cyverse.org/dav-anon/iplant/commons/community_released//ual/public/USCB/Geography/Arizona/Places/1950/Arizona_CensusPlaces_1950.zip
Arizona_CensusPlaces_1960.zip,141.16,0.14 MB,http://sequoia.library.arizona.edu/geospatial/public/single_layer_datasets/Arizona_CensusPlaces_1960.zip,https://data.cyverse.org/dav-anon/iplant/commons/community_released//ual/public/USCB/Geography/Arizona/Places/1960/Arizona_CensusPlaces_1960.zip
Arizona_CensusPlaces_1970.zip,141.96,0.14 MB,http://sequoia.library.arizona.edu/geospatial/public/single_layer_datasets/Arizona_CensusPlaces_1970.zip,https://data.cyverse.org/dav-anon/iplant/commons/community_released//ual/public/USCB/Geography/Arizona/Places/1970/Arizona_CensusPlaces_1970.zip
Arizona_ChlamydiaRates_2000.zip,101.03,0.10 MB,http://sequoia.library.arizona.edu/geospatial/public/single_layer_datasets/Arizona_ChlamydiaRates_2000.zip,https://data.cyverse.org/dav-anon/iplant/commons/community_released//ual/public/AZDHS/ChlamydiaRates/2000/Arizona_ChlamydiaRates_2000.zip
Arizona_CountySubdivisions_1930.zip,634.56,0.62 MB,http://sequoia.library.arizona.edu/geospatial/public/single_layer_datasets/Arizona_CountySubdivisions_1930.zip,https://data.cyverse.org/dav-anon/iplant/commons/community_released//ual/public/USCB/Geography/Arizona/County_Subdivisions/1930/Arizona_CountySubdivisions_1930.zip
Arizona_CountySubdivisions_1940.zip,568.15,0.55 MB,http://sequoia.library.arizona.edu/geospatial/public/single_layer_datasets/Arizona_CountySubdivisions_1940.zip,https://data.cyverse.org/dav-anon/iplant/commons/community_released//ual/public/USCB/Geography/Arizona/County_Subdivisions/1940/Arizona_CountySubdivisions_1940.zip
Arizona_CountySubdivisions_1950.zip,570.34,0.56 MB,http://sequoia.library.arizona.edu/geospatial/public/single_layer_datasets/Arizona_CountySubdivisions_1950.zip,https://data.cyverse.org/dav-anon/iplant/commons/community_released//ual/public/USCB/Geography/Arizona/County_Subdivisions/1950/Arizona_CountySubdivisions_1950.zip
Arizona_CountySubdivisions_1960.zip,1215.59,1.19 MB,http://sequoia.library.arizona.edu/geospatial/public/single_layer_datasets/Arizona_CountySubdivisions_1960.zip,https://data.cyverse.org/dav-anon/iplant/commons/community_released//ual/public/USCB/Geography/Arizona/County_Subdivisions/1960/Arizona_CountySubdivisions_1960.zip
Arizona_CountySubdivisions_1970.zip,1194.12,1.17 MB,http://sequoia.library.arizona.edu/geospatial/public/single_layer_datasets/Arizona_CountySubdivisions_1970.zip,https://data.cyverse.org/dav-anon/iplant/commons/community_released//ual/public/USCB/Geography/Arizona/County_Subdivisions/1970/Arizona_CountySubdivisions_1970.zip
Arizona_DateExtremeLatestSnowfall_1961to1990.zip,64.93,0.06 MB,http://sequoia.library.arizona.edu/geospatial/public/single_layer_datasets/Arizona_DateExtremeLatestSnowfall_1961to1990.zip,https://data.cyverse.org/dav-anon/iplant/commons/community_released//ual/public/NOAA/Snowfall/1990/Arizona_DateExtremeLatestSnowfall_1961to1990.zip
Arizona_EPASuperfund_1997.zip,17.58,0.02 MB,http://sequoia.library.arizona.edu/geospatial/public/single_layer_datasets/Arizona_EPASuperfund_1997.zip,https://data.cyverse.org/dav-anon/iplant/commons/community_released//ual/public/USEPA/SuperfundSites/1997/Arizona_EPASuperfund_1997.zip
Arizona_FirearmDeaths_1990to2000.zip,103.66,0.10 MB,http://sequoia.library.arizona.edu/geospatial/public/single_layer_datasets/Arizona_FirearmDeaths_1990to2000.zip,https://data.cyverse.org/dav-anon/iplant/commons/community_released//ual/public/AZDHS/FirearmDeaths/2000/Arizona_FirearmDeaths_1990to2000.zip
Arizona_GeneralSoilGroups_1975.zip,732.05,0.71 MB,http://sequoia.library.arizona.edu/geospatial/public/single_layer_datasets/Arizona_GeneralSoilGroups_1975.zip,https://data.cyverse.org/dav-anon/iplant/commons/community_released//ual/public/AZSLD/Soil/1975/Arizona_GeneralSoilGroups_1975.zip
Arizona_GeologicFaults_2000.zip,283.25,0.28 MB,http://sequoia.library.arizona.edu/geospatial/public/single_layer_datasets/Arizona_GeologicFaults_2000.zip,https://data.cyverse.org/dav-anon/iplant/commons/community_released//ual/public/AZGS/Faults/Arizona/GeologicFaults/2000/Arizona_GeologicFaults_2000.zip
Arizona_GeologicFormations_2000.zip,3839.51,3.75 MB,http://sequoia.library.arizona.edu/geospatial/public/single_layer_datasets/Arizona_GeologicFormations_2000.zip,https://data.cyverse.org/dav-anon/iplant/commons/community_released//ual/public/AZSLD/Geology/Arizona_GeologicFormations_2000.zip
Arizona_GFRs_1981.zip,231.8,0.23 MB,http://sequoia.library.arizona.edu/geospatial/public/single_layer_datasets/Arizona_GFRs_1981.zip,https://data.cyverse.org/dav-anon/iplant/commons/community_released//ual/public/AZDWR/Groundwater/1981/Arizona_GFRs_1981.zip
Arizona_GonorrheaIncidence_2000.zip,101.09,0.10 MB,http://sequoia.library.arizona.edu/geospatial/public/single_layer_datasets/Arizona_GonorrheaIncidence_2000.zip,https://data.cyverse.org/dav-anon/iplant/commons/community_released//ual/public/AZDHS/GonorrheaIncidence/2000/Arizona_GonorrheaIncidence_2000.zip
Arizona_GroundSubsidence_2014.zip,44.16,0.04 MB,http://sequoia.library.arizona.edu/geospatial/public/single_layer_datasets/Arizona_GroundSubsidence_2014.zip,https://data.cyverse.org/dav-anon/iplant/commons/community_released//ual/public/AZDWR/Subsidence/2014/Arizona_GroundSubsidence_2014.zip
Arizona_GroundwaterBasins_2015.zip,2318.68,2.26 MB,http://sequoia.library.arizona.edu/geospatial/public/single_layer_datasets/Arizona_GroundwaterBasins_2015.zip,https://data.cyverse.org/dav-anon/iplant/commons/community_released//ual/public/AZDWR/Groundwater/2015/Arizona_GroundwaterBasins_2015.zip
Arizona_GSFs_2015.zip,167.15,0.16 MB,http://sequoia.library.arizona.edu/geospatial/public/single_layer_datasets/Arizona_GSFs_2015.zip,https://data.cyverse.org/dav-anon/iplant/commons/community_released//ual/public/AZDWR/Groundwater/2015/Arizona_GSFs_2015.zip
Arizona_HepatitisAIncidence_2000.zip,101.12,0.10 MB,http://sequoia.library.arizona.edu/geospatial/public/single_layer_datasets/Arizona_HepatitisAIncidence_2000.zip,https://data.cyverse.org/dav-anon/iplant/commons/community_released//ual/public/AZDHS/HepatitisIncidence/2000/Arizona_HepatitisAIncidence_2000.zip
Arizona_HepatitisBIncidence_2000.zip,101.12,0.10 MB,http://sequoia.library.arizona.edu/geospatial/public/single_layer_datasets/Arizona_HepatitisBIncidence_2000.zip,https://data.cyverse.org/dav-anon/iplant/commons/community_released//ual/public/AZDHS/HepatitisIncidence/2000/Arizona_HepatitisBIncidence_2000.zip
Arizona_HighPotentialLargeScaleSolar_2014.zip,391253.22,382.08 MB,http://sequoia.library.arizona.edu/geospatial/public/single_layer_datasets/Arizona_HighPotentialLargeScaleSolar_2014.zip,https://data.cyverse.org/dav-anon/iplant/commons/community_released//ual/public/UA_CooperativeExtension/Arizona_Regional_Energy_Opporunity_Analysis/Arizona/HighPotentialLargeScaleSolar/2014/Arizona_HighPotentialLargeScaleSolar_2014.zip
Arizona_HighPotentialSmallScaleSolar_2014.zip,290571.34,283.76 MB,http://sequoia.library.arizona.edu/geospatial/public/single_layer_datasets/Arizona_HighPotentialSmallScaleSolar_2014.zip,https://data.cyverse.org/dav-anon/iplant/commons/community_released//ual/public/UA_CooperativeExtension/Arizona_Regional_Energy_Opporunity_Analysis/Arizona/HighPotentialSmallScaleSolar/2014/Arizona_HighPotentialSmallScaleSolar_2014.zip
Arizona_IGFRs_1979.zip,4958.96,4.84 MB,http://sequoia.library.arizona.edu/geospatial/public/single_layer_datasets/Arizona_IGFRs_1979.zip,https://data.cyverse.org/dav-anon/iplant/commons/community_released//ual/public/AZDWR/ActiveManagementAreas_IrrigationNonExpansionAreas/1979/Arizona_IGFRs_1979.zip
Arizona_Interstates_1988.zip,98.43,0.10 MB,http://sequoia.library.arizona.edu/geospatial/public/single_layer_datasets/Arizona_Interstates_1988.zip,https://data.cyverse.org/dav-anon/iplant/commons/community_released//ual/public/AZSLD/Roads/1988/Arizona_Interstates_1988.zip
Arizona_IrrigationDistricts_2014.zip,372.88,0.36 MB,http://sequoia.library.arizona.edu/geospatial/public/single_layer_datasets/Arizona_IrrigationDistricts_2014.zip,https://data.cyverse.org/dav-anon/iplant/commons/community_released//ual/public/AZDWR/IrrigationDistricts/2014/Arizona_IrrigationDistricts_2014.zip
Arizona_KMDA_1993.zip,5964.85,5.83 MB,http://sequoia.library.arizona.edu/geospatial/public/single_layer_datasets/Arizona_KMDA_1993.zip,https://data.cyverse.org/dav-anon/iplant/commons/community_released//ual/public/AZSLD/Mines/1993/Arizona_KMDA_1993.zip
Arizona_Lakes_1974.zip,2106.26,2.06 MB,http://sequoia.library.arizona.edu/geospatial/public/single_layer_datasets/Arizona_Lakes_1974.zip,https://data.cyverse.org/dav-anon/iplant/commons/community_released//ual/public/AZSLD/Lakes/1974/Arizona_Lakes_1974.zip
Arizona_LandOwnership_1988.zip,6687.63,6.53 MB,http://sequoia.library.arizona.edu/geospatial/public/single_layer_datasets/Arizona_LandOwnership_1988.zip,https://data.cyverse.org/dav-anon/iplant/commons/community_released//ual/public/AZSLD/LandOwnership/1988/Arizona_LandOwnership_1988.zip
Arizona_LarcenyTheftRates_1990to2001.zip,103.89,0.10 MB,http://sequoia.library.arizona.edu/geospatial/public/single_layer_datasets/Arizona_LarcenyTheftRates_1990to2001.zip,https://data.cyverse.org/dav-anon/iplant/commons/community_released//ual/public/AZDHS/LarcenyRates/2001/Arizona_LarcenyTheftRates_1990to2001.zip
Arizona_Last32DegFTempSpring_1961to1990.zip,56.33,0.06 MB,http://sequoia.library.arizona.edu/geospatial/public/single_layer_datasets/Arizona_Last32DegFTempSpring_1961to1990.zip,https://data.cyverse.org/dav-anon/iplant/commons/community_released//ual/public/NOAA/Temperature/1990/Arizona_Last32DegFTempSpring_1961to1990.zip
Arizona_Level3EcoRegions_2013.zip,525.04,0.51 MB,http://sequoia.library.arizona.edu/geospatial/public/single_layer_datasets/Arizona_Level3EcoRegions_2013.zip,https://data.cyverse.org/dav-anon/iplant/commons/community_released//ual/public/USEPA/Ecoregions/2013/Arizona_Level3EcoRegions_2013.zip
Arizona_Level4EcoRegions_2013.zip,2878.11,2.81 MB,http://sequoia.library.arizona.edu/geospatial/public/single_layer_datasets/Arizona_Level4EcoRegions_2013.zip,https://data.cyverse.org/dav-anon/iplant/commons/community_released//ual/public/USEPA/Ecoregions/2013/Arizona_Level4EcoRegions_2013.zip
Arizona_MajorLakes_1993.zip,1024.66,1.00 MB,http://sequoia.library.arizona.edu/geospatial/public/single_layer_datasets/Arizona_MajorLakes_1993.zip,https://data.cyverse.org/dav-anon/iplant/commons/community_released//ual/public/AZSLD/Lakes/1993/Arizona_MajorLakes_1993.zip
Arizona_MajorRivers_1993.zip,2316.42,2.26 MB,http://sequoia.library.arizona.edu/geospatial/public/single_layer_datasets/Arizona_MajorRivers_1993.zip,https://data.cyverse.org/dav-anon/iplant/commons/community_released//ual/public/AZSLD/Watercourse/1993/Arizona_MajorRivers_1993.zip
Arizona_MajorRiversandPrimaryTribs_1993.zip,6004.38,5.86 MB,http://sequoia.library.arizona.edu/geospatial/public/single_layer_datasets/Arizona_MajorRiversandPrimaryTribs_1993.zip,https://data.cyverse.org/dav-anon/iplant/commons/community_released//ual/public/AZSLD/Watercourse/1993/Arizona_MajorRiversandPrimaryTribs_1993.zip
Arizona_Mean1st32DegFTempAutumn_1961to1990.zip,49.94,0.05 MB,http://sequoia.library.arizona.edu/geospatial/public/single_layer_datasets/Arizona_Mean1st32DegFTempAutumn_1961to1990.zip,https://data.cyverse.org/dav-anon/iplant/commons/community_released//ual/public/NOAA/Temperature/1990/Arizona_Mean1st32DegFTempAutumn_1961to1990.zip
Arizona_MeanLast32DegFTempSpring_1961to1990.zip,59.78,0.06 MB,http://sequoia.library.arizona.edu/geospatial/public/single_layer_datasets/Arizona_MeanLast32DegFTempSpring_1961to1990.zip,https://data.cyverse.org/dav-anon/iplant/commons/community_released//ual/public/NOAA/Temperature/1990/Arizona_MeanLast32DegFTempSpring_1961to1990.zip
Arizona_MeanNumDaysSnowfall01_1961to1990.zip,114.56,0.11 MB,http://sequoia.library.arizona.edu/geospatial/public/single_layer_datasets/Arizona_MeanNumDaysSnowfall01_1961to1990.zip,https://data.cyverse.org/dav-anon/iplant/commons/community_released//ual/public/NOAA/Snowfall/1990/Arizona_MeanNumDaysSnowfall01_1961to1990.zip
Arizona_MeanNumDaysSnowfall1_1961to1990.zip,116.42,0.11 MB,http://sequoia.library.arizona.edu/geospatial/public/single_layer_datasets/Arizona_MeanNumDaysSnowfall1_1961to1990.zip,https://data.cyverse.org/dav-anon/iplant/commons/community_released//ual/public/NOAA/Snowfall/1990/Arizona_MeanNumDaysSnowfall1_1961to1990.zip
Arizona_MeanNumDaysSnowfall10_1961to1990.zip,27.9,0.03 MB,http://sequoia.library.arizona.edu/geospatial/public/single_layer_datasets/Arizona_MeanNumDaysSnowfall10_1961to1990.zip,https://data.cyverse.org/dav-anon/iplant/commons/community_released//ual/public/NOAA/Snowfall/1990/Arizona_MeanNumDaysSnowfall10_1961to1990.zip
Arizona_MeanNumDaysSnowfall5_1961to1990.zip,42.44,0.04 MB,http://sequoia.library.arizona.edu/geospatial/public/single_layer_datasets/Arizona_MeanNumDaysSnowfall5_1961to1990.zip,https://data.cyverse.org/dav-anon/iplant/commons/community_released//ual/public/NOAA/Snowfall/1990/Arizona_MeanNumDaysSnowfall5_1961to1990.zip
Arizona_MeanRelativeHumidity_1961to1990.zip,62.7,0.06 MB,http://sequoia.library.arizona.edu/geospatial/public/single_layer_datasets/Arizona_MeanRelativeHumidity_1961to1990.zip,https://data.cyverse.org/dav-anon/iplant/commons/community_released//ual/public/NOAA/Humidity/1990/Arizona_MeanRelativeHumidity_1961to1990.zip
Arizona_Median1st32DegFTempAutumn_1961to1990.zip,50.7,0.05 MB,http://sequoia.library.arizona.edu/geospatial/public/single_layer_datasets/Arizona_Median1st32DegFTempAutumn_1961to1990.zip,https://data.cyverse.org/dav-anon/iplant/commons/community_released//ual/public/NOAA/Temperature/1990/Arizona_Median1st32DegFTempAutumn_1961to1990.zip
Arizona_MedianDateFirstSnowfall_1961to1990.zip,68.47,0.07 MB,http://sequoia.library.arizona.edu/geospatial/public/single_layer_datasets/Arizona_MedianDateFirstSnowfall_1961to1990.zip,https://data.cyverse.org/dav-anon/iplant/commons/community_released//ual/public/NOAA/Snowfall/1990/Arizona_MedianDateFirstSnowfall_1961to1990.zip
Arizona_MedianDateLastSnowfall_1961to1990.zip,60.09,0.06 MB,http://sequoia.library.arizona.edu/geospatial/public/single_layer_datasets/Arizona_MedianDateLastSnowfall_1961to1990.zip,https://data.cyverse.org/dav-anon/iplant/commons/community_released//ual/public/NOAA/Snowfall/1990/Arizona_MedianDateLastSnowfall_1961to1990.zip
Arizona_MedianLast32DegFTempSpring_1961to1990.zip,58.65,0.06 MB,http://sequoia.library.arizona.edu/geospatial/public/single_layer_datasets/Arizona_MedianLast32DegFTempSpring_1961to1990.zip,https://data.cyverse.org/dav-anon/iplant/commons/community_released//ual/public/NOAA/Temperature/1990/Arizona_MedianLast32DegFTempSpring_1961to1990.zip
Arizona_Mines_1993.zip,969.82,0.95 MB,http://sequoia.library.arizona.edu/geospatial/public/single_layer_datasets/Arizona_Mines_1993.zip,https://data.cyverse.org/dav-anon/iplant/commons/community_released//ual/public/AZSLD/Mines/1993/Arizona_Mines_1993.zip
Arizona_MotorVehicleTheft_1990to2001.zip,101.71,0.10 MB,http://sequoia.library.arizona.edu/geospatial/public/single_layer_datasets/Arizona_MotorVehicleTheft_1990to2001.zip,https://data.cyverse.org/dav-anon/iplant/commons/community_released//ual/public/AZDPS/MotorVehicleTheft/2001/Arizona_MotorVehicleTheft_1990to2001.zip
Arizona_MurderRates_1990to2001.zip,101.42,0.10 MB,http://sequoia.library.arizona.edu/geospatial/public/single_layer_datasets/Arizona_MurderRates_1990to2001.zip,https://data.cyverse.org/dav-anon/iplant/commons/community_released//ual/public/AZDPS/MurderRates/2001/Arizona_MurderRates_1990to2001.zip
Arizona_NativeAmCommunities_1994.zip,294.04,0.29 MB,http://sequoia.library.arizona.edu/geospatial/public/single_layer_datasets/Arizona_NativeAmCommunities_1994.zip,https://data.cyverse.org/dav-anon/iplant/commons/community_released//ual/public/AZSLD/NativeAmericanCommunities/1994/Arizona_NativeAmCommunities_1994.zip
Arizona_PropertyCrime_1990to1999.zip,101.58,0.10 MB,http://sequoia.library.arizona.edu/geospatial/public/single_layer_datasets/Arizona_PropertyCrime_1990to1999.zip,https://data.cyverse.org/dav-anon/iplant/commons/community_released//ual/public/AZDPS/PropertyCrime/1999/Arizona_PropertyCrime_1990to1999.zip
Arizona_QuadranglesGrid_2002.zip,174.93,0.17 MB,http://sequoia.library.arizona.edu/geospatial/public/single_layer_datasets/Arizona_QuadranglesGrid_2002.zip,https://data.cyverse.org/dav-anon/iplant/commons/community_released//ual/public/AZSLD/QuadranglesGrid/2002/Arizona_QuadranglesGrid_2002.zip
Arizona_Railroads_1992.zip,356.9,0.35 MB,http://sequoia.library.arizona.edu/geospatial/public/single_layer_datasets/Arizona_Railroads_1992.zip,https://data.cyverse.org/dav-anon/iplant/commons/community_released//ual/public/AZSLD/Railroads/1992/Arizona_Railroads_1992.zip
Arizona_RapeIncidenceRates_1990to2001.zip,101.61,0.10 MB,http://sequoia.library.arizona.edu/geospatial/public/single_layer_datasets/Arizona_RapeIncidenceRates_1990to2001.zip,https://data.cyverse.org/dav-anon/iplant/commons/community_released//ual/public/AZDPS/RapeIncidenceRates/2001/Arizona_RapeIncidenceRates_1990to2001.zip
Arizona_Riparian_1993.zip,4263.89,4.16 MB,http://sequoia.library.arizona.edu/geospatial/public/single_layer_datasets/Arizona_Riparian_1993.zip,https://data.cyverse.org/dav-anon/iplant/commons/community_released//ual/public/AZSLD/Riparian/1993/Arizona_Riparian_1993.zip
Arizona_Rivers_1993.zip,10329.52,10.09 MB,http://sequoia.library.arizona.edu/geospatial/public/single_layer_datasets/Arizona_Rivers_1993.zip,https://data.cyverse.org/dav-anon/iplant/commons/community_released//ual/public/AZSLD/Watercourse/1993/Arizona_Rivers_1993.zip
Arizona_Springs_2000.zip,255.71,0.25 MB,http://sequoia.library.arizona.edu/geospatial/public/single_layer_datasets/Arizona_Springs_2000.zip,https://data.cyverse.org/dav-anon/iplant/commons/community_released//ual/public/AZSLD/Springs/2000/Arizona_Springs_2000.zip
Arizona_SSURGOSoil_2014.zip,459983.47,449.20 MB,http://sequoia.library.arizona.edu/geospatial/public/single_layer_datasets/Arizona_SSURGOSoil_2014.zip,https://data.cyverse.org/dav-anon/iplant/commons/community_released//ual/public/NRCS/Soils/2014/Arizona_SSURGOSoil_2014.zip
Arizona_STATSGOv2-3-2_2006.zip,3047.92,2.98 MB,http://sequoia.library.arizona.edu/geospatial/public/single_layer_datasets/Arizona_STATSGOv2-3-2_2006.zip,https://data.cyverse.org/dav-anon/iplant/commons/community_released//ual/public/NRCS/Soils/2006/Arizona_STATSGOv2-3-2_2006.zip
Arizona_Streams_1993.zip,42449.25,41.45 MB,http://sequoia.library.arizona.edu/geospatial/public/single_layer_datasets/Arizona_Streams_1993.zip,https://data.cyverse.org/dav-anon/iplant/commons/community_released//ual/public/AZSLD/Watercourse/1993/Arizona_Streams_1993.zip
Arizona_SyphillusRates_2000.zip,101.04,0.10 MB,http://sequoia.library.arizona.edu/geospatial/public/single_layer_datasets/Arizona_SyphillusRates_2000.zip,https://data.cyverse.org/dav-anon/iplant/commons/community_released//ual/public/AZDHS/SyphillusRates/2000/Arizona_SyphillusRates_2000.zip
Arizona_TownshipRangeSectionGrid_1988.zip,15856.62,15.48 MB,http://sequoia.library.arizona.edu/geospatial/public/single_layer_datasets/Arizona_TownshipRangeSectionGrid_1988.zip,https://data.cyverse.org/dav-anon/iplant/commons/community_released//ual/public/AZSLD/TownshipRangeSectionGrid/Arizona/1998/Arizona_TownshipRangeSectionGrid_1988.zip
Arizona_TuburculosisRates_2000.zip,101.09,0.10 MB,http://sequoia.library.arizona.edu/geospatial/public/single_layer_datasets/Arizona_TuburculosisRates_2000.zip,https://data.cyverse.org/dav-anon/iplant/commons/community_released//ual/public/AZDHS/TuburculosisRates/2000/Arizona_TuburculosisRates_2000.zip
Arizona_USFSRoads_2000.zip,41930.66,40.95 MB,http://sequoia.library.arizona.edu/geospatial/public/single_layer_datasets/Arizona_USFSRoads_2000.zip,https://data.cyverse.org/dav-anon/iplant/commons/community_released//ual/public/USFS/Roads/Arizona/2000/Arizona_USFSRoads_2000.zip
Arizona_ValleyFeverRates_2000.zip,101.1,0.10 MB,http://sequoia.library.arizona.edu/geospatial/public/single_layer_datasets/Arizona_ValleyFeverRates_2000.zip,https://data.cyverse.org/dav-anon/iplant/commons/community_released//ual/public/AZDHS/ValleyFeverRates/2000/Arizona_ValleyFeverRates_2000.zip
Arizona_ViolentCrimes_1990to1999.zip,101.66,0.10 MB,http://sequoia.library.arizona.edu/geospatial/public/single_layer_datasets/Arizona_ViolentCrimes_1990to1999.zip,https://data.cyverse.org/dav-anon/iplant/commons/community_released//ual/public/AZDPS/ViolentCrimes/Arizona/1999/Arizona_ViolentCrimes_1990to1999.zip
Arizona_VoterPrecincts_2018.zip,12479.44,12.19 MB,http://sequoia.library.arizona.edu/geospatial/public/single_layer_datasets/Arizona_VoterPrecincts_2018.zip,https://uair.library.arizona.edu/system/files/atlas/download/Cen_AZ_Proj.zip
Arizona_Wards_1920.zip,6.26,0.01 MB,http://sequoia.library.arizona.edu/geospatial/public/single_layer_datasets/Arizona_Wards_1920.zip,https://uair.library.arizona.edu/system/files/atlas/download/CityWards_1920.zip
Arizona_Wards_1930.zip,9.75,0.01 MB,http://sequoia.library.arizona.edu/geospatial/public/single_layer_datasets/Arizona_Wards_1930.zip,https://uair.library.arizona.edu/system/files/atlas/download/CityWards_1930.zip
Arizona_Wards_1940.zip,10.04,0.01 MB,http://sequoia.library.arizona.edu/geospatial/public/single_layer_datasets/Arizona_Wards_1940.zip,https://uair.library.arizona.edu/system/files/atlas/download/CityWards_1940.zip
Arizona_Wards_1950.zip,9.67,0.01 MB,http://sequoia.library.arizona.edu/geospatial/public/single_layer_datasets/Arizona_Wards_1950.zip,https://uair.library.arizona.edu/system/files/atlas/download/CityWards_1950.zip
Arizona_WildernessAreas_1990.zip,882.65,0.86 MB,http://sequoia.library.arizona.edu/geospatial/public/single_layer_datasets/Arizona_WildernessAreas_1990.zip,https://data.cyverse.org/dav-anon/iplant/commons/community_released//ual/public/AZSLD/WildernessAreas/1990/Arizona_WildernessAreas_1990.zip
AZ-CA-NV_RCRISsites_1998.zip,4074.27,3.98 MB,http://sequoia.library.arizona.edu/geospatial/public/single_layer_datasets/AZ-CA-NV_RCRISsites_1998.zip,https://data.cyverse.org/dav-anon/iplant/commons/community_released//ual/public/USEPA/RCRIS/Sites/1998/AZ-CA-NV_RCRISsites_1998.zip
CabezaPrietaNWR_FieldWorkRoutes_2004.zip,252.7,0.25 MB,http://sequoia.library.arizona.edu/geospatial/public/single_layer_datasets/CabezaPrietaNWR_FieldWorkRoutes_2004.zip,https://repository.arizona.edu/bitstream/handle/10150/146035/routes.shp.shp.zip?sequence=3&isAllowed=y
CabezaPrietaNWR_Vegetation_2004.zip,7690.52,7.51 MB,http://sequoia.library.arizona.edu/geospatial/public/single_layer_datasets/CabezaPrietaNWR_Vegetation_2004.zip,https://repository.arizona.edu/bitstream/handle/10150/146035/cabezablm.zip?sequence=4&isAllowed=y
China_BuddhistTempleLocations_2006.zip,1433.78,1.40 MB,http://sequoia.library.arizona.edu/geospatial/public/single_layer_datasets/China_BuddhistTempleLocations_2006.zip,https://ual-geodata-files.s3.us-west-2.amazonaws.com/BGIS/China_BuddhistTempleLocations_2006.zip
China_TangBuddhistTempleLocations_618to907.zip,100.15,0.10 MB,http://sequoia.library.arizona.edu/geospatial/public/single_layer_datasets/China_TangBuddhistTempleLocations_618to907.zip,https://ual-geodata-files.s3.us-west-2.amazonaws.com/BGIS/China_TangBuddhistTempleLocations_618to907.zip
McCartysLavaFlowField_15cmDTM_2015.zip,1377587.51,1345.30 MB,http://sequoia.library.arizona.edu/geospatial/public/single_layer_datasets/McCartysLavaFlowField_15cmDTM_2015.zip,https://ual-geodata-files.s3.us-west-2.amazonaws.com/University_of_Arizona/McCartysLavaFlowField_15cmDTM_2015.zip
McCartysLavaFlowField_15cmOrtho_2015.zip,2736270.41,2672.14 MB,http://sequoia.library.arizona.edu/geospatial/public/single_layer_datasets/McCartysLavaFlowField_15cmOrtho_2015.zip,https://ual-geodata-files.s3.us-west-2.amazonaws.com/University_of_Arizona/McCartysLavaFlowField_15cmOrtho_2015.zip
UniversityofArizona_2ftOrthophotos_2001.tif,127835.83,124.84 MB,http://sequoia.library.arizona.edu/geospatial/public/single_layer_datasets/UniversityofArizona_2ftOrthophotos_2001.zip,https://data.cyverse.org/dav-anon/iplant/commons/community_released//ual/public/University_of_Arizona/Orthophoto/2ftOrthophoto/2001/UniversityofArizona_2ftOrthophotos_2001.tif
UniversityofArizona_5ftOrthophotos_2001.tif,19729.99,19.27 MB,http://sequoia.library.arizona.edu/geospatial/public/single_layer_datasets/UniversityofArizona_5ftOrthophotos_2001.zip,https://data.cyverse.org/dav-anon/iplant/commons/community_released//ual/public/University_of_Arizona/Orthophoto/5ftOrthophotos/2001/UniversityofArizona_5ftOrthophotos_2001.tif
UniversityofArizona_6inchOrthophotos_1996.tif,1523566.16,1487.86 MB,http://sequoia.library.arizona.edu/geospatial/public/single_layer_datasets/UniversityofArizona_6inchOrthophotos_1996.zip,https://data.cyverse.org/dav-anon/iplant/commons/community_released//ual/public/University_of_Arizona/Orthophoto/6inchOrthophoto/1996/UniversityofArizona_6inchOrthophotos_1996.tif
UniversityofArizona_6inchOrthophotos_2001.tif,1744550.27,1703.66 MB,http://sequoia.library.arizona.edu/geospatial/public/single_layer_datasets/UniversityofArizona_6inchOrthophotos_2001.zip,https://data.cyverse.org/dav-anon/iplant/commons/community_released//ual/public/University_of_Arizona/Orthophoto/6inchOrthophoto/2001/UniversityofArizona_6inchOrthophotos_2001.tif
USA_MajorDams_2013.zip,3438.59,3.36 MB,http://sequoia.library.arizona.edu/geospatial/public/single_layer_datasets/USA_MajorDams_2013.zip,https://data.cyverse.org/dav-anon/iplant/commons/community_released//ual/public/USACE/NationalInventoryofDams/USA/MajorDams/2013/USA_MajorDams_2013.zip
USA_WildlandFirePerimeters_1937to2017.zip,41326.29,40.36 MB,http://sequoia.library.arizona.edu/geospatial/public/single_layer_datasets/USA_WildlandFirePerimeters_1937to2017.zip,https://ual-geodata-files.s3.us-west-2.amazonaws.com/USNPS/USA_WildlandFirePerimeters_1937to2017.zip
